Risky Sentences,T/F
"The principal purposes of our equity incentive plans are to attract, retain and motivate selected employees, consultants and directors  through the granting of stock-based compensation awards and cash-based performance bonus awards.We incorporated in Delaware in 2017 as EagleTree-Carbide Acquisition Corp. and we changed our name to Corsair Gaming, Inc. in 2018.We  completed the initial public offering, or the IPO, of our common stock in September 2020 and our common stock is listed on the Nasdaq Global Select  Market under the symbol “CRSR.”Our principal executive offices are located at 115 N. McCarthy Boulevard, Milpitas, California, 95035, and our  telephone number is (510) 657-8747.We file annual reports on Form 10-K, quarterly reports on Form 10-Q, current reports on Form 8-K, and amendments to reports filed or furnished  pursuant to Sections 13(a) and 15(d) of the Exchange Act.",N/A
"We will also leverage the extensive networks of our operating partners, who are essential partners in identifying and executing acquisitions and managing for value creation.Operations and Management Our operational strategy involves identifying critical operating management either within the businesses or divisions we acquire or from our extensive executive network.We support the management teams of each of our acquired businesses by, among other things: • financing internal growth strategies; • supporting attractive external growth and acquisition opportunities; • providing resources to assist management in controlling overhead costs and leveraging business-wide resources; • implementing operational efficiencies; and • sharing best practices across our portfolio companies.Our Operations Intellectual Property Operations - Patent Licensing, Enforcement and Technologies BusinessWe invest in intellectual property (""IP"") and related absolute return assets and engage in the licensing and enforcement of patented technologies.",N/A
"Such events may also cause reductions in regional and local economic activity that may have an adverse effect on  our customers, which could limit our ability to raise and invest capital in these areas and communities, each of which could  have a material adverse effect on our financial condition and results of operations.Climate change may worsen the frequency and severity of future droughts, wildfires, floods, tornadoes and other extreme  weather-related events that could cause disruption to our business and operations.Chronic results of climate change such as  shifting weather patterns could also cause disruption to our business and operations.Climate change may also result in new  and/or more stringent regulatory requirements for the Company, which could materially affect the Company's results of  operations by requiring the Company to take costly measures to comply with any new laws or regulations related to climate  change that may be forthcoming.New regulations, shift in customer behaviors, supply chain collapse or breakthrough  technologies that accelerate the transition to a lower carbon economy may negatively affect certain sectors and borrowers in  our loan portfolio, impacting their ability to timely repay their loans or decreasing the value of any collateral held by us.",N/A
"Small Business Administration LoansWe extend loans partially guaranteed by the SBA.We primarily extend SBA loans known as SBA 7(a) loans, SBA 504 loans and SBA EZ loans.SBA 7(a) loans are typically extended for working capital needs, purchase of inventory, purchase of machinery and equipment, debt refinance, business acquisitions, start-up financing, or to purchase or construct owner-occupied commercial property.SBA 7(a) loans are typically term loans with maturities up to 10 years for loans not secured by real estate and up to 25 years for real estate secured loans.",N/A
"If we are unable to successfully advance or develop our product candidate, our business will be materially harmed.In the near-term, failure to successfully advance the development of our product candidates may have a material adverse effect on us.To date, we have not successfully developed or commercially marketed, distributed or sold any product candidate.The success of our business depends primarily upon our ability to successfully advance the development of our product candidates through preclinical studies and clinical trials, have these product candidates approved for sale by the FDA or regulatory authorities in other countries, and ultimately have these product candidates successfully commercialized by us or a strategic partner.We cannot assure you that the results of our ongoing preclinical studies or clinical trials will support or justify the continued development of our product candidates, or that we will receive approval from the FDA, or similar regulatory authorities in other countries, to advance the development of our product candidates.",N/A
"We believe that single-tenant commercial properties, as compared with shopping centers, malls, and other traditional multi-tenant properties, offer a distinct investment  advantage since single-tenant properties generally require less management and operating capital and generally have less recurring tenant turnover.Given the stability and predictability of the cash flows, many net leased properties are held in family trusts, providing us an opportunity to acquire these properties for tax  deferred units while giving the owners potential liquidity through the conversion of the units for freely tradable shares of stock.We make regular cash distributions to our stockholders out of our cash available for distribution, typically on a monthly basis.Generally, our policy will be to pay distributions  from cash flow from operations.However, our distributions may be paid from sources other than cash flows from operations, such as from the proceeds from a capital raise,  borrowings or distributions in kind.",N/A
"In connection with the pending Merger, some customers, vendors or other third parties of the Company may react unfavorably, including by delaying or deferring decisions concerning their business relationships or transactions with the Company, which could adversely affect the revenues, earnings, funds from operations, cash flows and expenses of the Company, regardless of whether the Merger is completed.In addition, due to certain restrictions in the Merger Agreement on the conduct of business prior to completing the Merger, the Company may be unable (without the other party's prior written consent), during the pendency of the Merger, to pursue strategic transactions, undertake significant capital projects, undertake certain significant financing transactions and otherwise pursue other actions, even if such actions would prove beneficial and may cause the Company to forego certain opportunities it might otherwise pursue.In addition, the pendency of the Merger may make it more difficult for the Company to effectively retain and incentivize key personnel and may cause distractions from the Company's strategy and day-to-day operations for its current employees and management.The Company will incur substantial transaction fees and Merger-related costs in connection with the Merger that could adversely affect the business and operations of the Company if the Merger is not completed.The Company expects to incur non-recurring transaction fees, which include legal and advisory fees and substantial Merger-related costs associated with completing the Merger, and which could adversely affect the business operations of the Company if the Merger is not completed.",N/A
"Our real estate loan products are generally payable in  monthly or other periodic installments of principal and/or interest, and due and payable in full (unless renewed) at a balloon maturity  generally within one to seven years.A significant portion of our loans are structured as term loans with adjustable interest rates  (adjustable daily, monthly, semi-annually, annually, or at other regular adjustment intervals), and many of such adjustable rate loans  have established “floor” interest rates.Commercial and Industrial Loans.Our commercial and industrial loan portfolio consists of loans for commercial, industrial and  professional purposes including loans to fund working capital requirements (such as inventory, floor plan and receivables financing),  purchases of machinery and equipment and other purposes.Also included in commercial and industrial loans are our subscription  credit facilities and asset-backed facilities, our business aviation financing, and our equipment finance, lender finance and structured  3 finance solutions.",N/A
"Although we believe our current cash balance, along with our projected internal cash flows and available financing sources, will provide sufficient cash to support our currently anticipated operating and capital needs, if we are unable to generate sufficient cash to purchase and maintain the property, plant and equipment necessary to operate our business, we may be required to reduce or delay planned capital expenditures or to incur additional indebtedness.We face significant risks associated with uncertainties resulting from changes to policies and laws with the periodic changes in the U.S. administration.Changes of administration in the U.S. federal government may affect our business in a manner that currently cannot be reliably predicted, especially given the potentially significant changes to various laws and regulations that affect us.These uncertainties may include changes in laws and policies in areas such as corporate taxation, taxation on imports of internationally sourced products, international trade including trade treaties such as the United States-Mexico-Canada Agreement, environmental protection and workplace safety laws, labor and employment law, immigration and health care, which individually or in the aggregate could materially and adversely affect our business, results of operations or financial condition.Disruptions in the supply of parts and raw materials, or changes in supplier relations, may negatively impact our operating results.",N/A
"We are only in the preliminary stages of most of these activities.We may never succeed in these activities and, even if we do, may never generate revenues that are significant enough to achieve profitability.In addition, we have not yet demonstrated an ability to successfully overcome many of the risks and uncertainties frequently encountered by companies in new and rapidly evolving fields, particularly in the biopharmaceutical industry.Because of the numerous risks and uncertainties associated with biopharmaceutical product development, we are unable to accurately predict the timing or amount of increased expenses or when, or if, we will be able to achieve profitability.Even if we do achieve profitability, we may not be able to sustain or increase profitability on a quarterly or annual basis.",N/A
"Each gene is responsible for a specific function in a cell, and the complete set of genes in a cell,  which can consist of tens of thousands of genes and billions of individual bases, is known as a genome.The complete genome sequence has been  determined for many organisms, including humans.This allows scientists to identify specific genes and determine how their unique sequences contribute to  a particular cellular function.Studying variations in gene sequences further informs an understanding of why a cell behaves a certain way, which can  greatly enhance understanding of what causes and how to treat aberrations that leads to disease.Genome editing is a biotechnology process that removes, inserts or repairs a portion of DNA at a specific location in a cell's genome.",N/A
"Our business is also subject to  seasonal fluctuations.Historically, sales in most of our restaurants have been higher during the winter months of each  year.Holidays, changes in weather, severe weather and similar conditions may impact sales volumes seasonally in some  operating regions.Accordingly, results for one quarter are not necessarily indicative of results to be expected for any  other quarter or for any year and comparable restaurant sales for any particular future period may decrease.In the  future, operating results may fall below the expectations of securities analysts and investors.",N/A
"Our common stock is currently traded on the NASDAQ Capital Market under the symbol “NHTC.”Our website is located at www.naturalhealthtrendscorp.com.Our Annual Reports on Form 10-K, Quarterly Reports on Form 10-Q, Current Reports on Form 8-K, and amendments to such reports are available, free of charge, on our website as soon as reasonably practicable after we file electronically such material with, or furnish it to, the United States Securities and Exchange Commission, or SEC.The information provided on our website should not be considered part of this report.The SEC maintains an internet website at http://www.sec.gov that contains reports, proxy and information statements, and other information regarding issuers that file electronically with the SEC.",N/A
"Our ability to achieve significant growth in revenue in the future will also depend upon our ability to attract and sell our technology, products and services to new customers.This may be particularly challenging where an organization has already invested substantial personnel and financial resources to integrate competing technology, products and services.An organization may be reluctant or unwilling to invest in new technology offerings and services.If we fail to attract new customers and maintain and expand those customer relationships, our revenue may grow more slowly than expected, may not grow at all, or may decline and our business may be harmed.We have incurred a goodwill impairment charge.",N/A
"In addition, future provisions for loan losses could materially and adversely affect our earnings and financial condition.Furthermore, the application of various federal and state laws, including bankruptcy and insolvency laws, may limit the amount that can be recovered on these loans.For more information about the credit risk we face, see “Item 7.Management's Discussion and Analysis of Financial Condition and Results of Operations — Risk Management.”Our allowance for loan losses may not be adequate to cover actual losses.",N/A
"Our business, financial condition and results of operations may be materially and adversely affected by any negative impact on the global economy, capital markets or commodity and raw material prices resulting from the conflicts in Ukraine and the Middle East, the recent geopolitical tensions between China and Taiwan or any other geopolitical tensions.We rely on a limited number of vendors for our EV charging equipment and related support services.The loss of any of these partners would negatively affect our business.We rely on a limited number of vendors for design, testing and manufacturing of EV charging equipment which is generally sole-sourced with respect to components as well as aftermarket maintenance and warranty services.The reliance on a limited number of vendors increases our risks, since we do not currently have proven reliable alternative or replacement vendors beyond these key parties.",N/A
"We were adversely affected by the economic recession affecting the United States as a whole, for a time by increased financing costs and decreased availability of capital to fund our purchases of automobile contracts, and by a decrease in the overall level of sales of automobiles and light trucks.Similar periods of losses began in the quarter ended March 31, 1999 through the quarter ended December 31, 2000 and also from the quarter ended September 30, 2003 through the quarter ended March 31, 2005.We expect to earn quarterly profits during 2024; however, there can be no assurance as to that expectation.Our expectation of profitability is a forward- looking statement.We discuss the assumptions underlying that expectation under the caption “Cautionary Note Regarding Forward-Looking Statements” in this report.",N/A
"Because of the intense competition in the market for our software solutions and the numerous risks and uncertainties associated with biopharmaceutical product development, we are unable to accurately predict when, or if, we will be able to achieve or sustain profitability.Even if we achieve profitability, we may not be able to sustain or increase profitability on a quarterly or annual basis.Our failure to become and remain profitable would depress the value of our company and could impair our ability to raise capital, expand our business, maintain our research and development efforts, increase sales of our software, develop a pipeline of product candidates, enter into collaborations, or even continue our operations.A decline in the value of our company could also cause our stockholders to lose all or part of their investment.Our revenue has and may continue to fluctuate from quarter-to-quarter and year-to-year.",N/A
"The Asia segment primarily includes sales to customers based in Australia, Greater China, India, Indonesia, Japan, Malaysia, New Zealand, Singapore, South Korea and Thailand.Each reportable operating segment provides similar products and services.We are home to a collection of world-class owned and licensed brands that share our passion for design, innovation and doing good.We make distinctive watches and lifestyle accessories, bringing each brand to life through an extensive global channel and distribution network.We believe that the way we use our time matters, and we've made it our goal to create lasting change at the intersection of fashion and technology, while investing in the communities around the world where we live, work and play.",N/A
"These restrictions are more fully described in the Merger Agreement.These restrictions may affect our ability to execute our business strategies and attain our financial and other goals and may impact our business, results of operations and financial condition.The pendency of the Merger could cause disruptions to our business or business relationships, which could have an adverse impact on our results of operations.Parties with which we have business relationships, including guests, employees and labor groups, suppliers, third-party service providers and third-party distribution channels, may be uncertain as to the future of such relationships and may delay or defer certain business decisions, seek alternative relationships with third parties or seek to alter their present business relationships with us.Parties with whom we otherwise may have sought to establish business relationships may seek alternative relationships with third parties.",N/A
"17 Our products are often designed for operating under physical constraints such as limited space, weight, and electrical  power.Furthermore, these products are often designed to be “rugged,” that is, to withstand enhanced environmental stress such  as extended temperature range, shock, vibration, and exposure to sand or salt spray.Historically these requirements have often  precluded the use of less expensive, readily available commodity-type systems typically found in more benign non-military  settings.With continued microprocessor evolution, low-end systems could become adequate to meet the requirements of an  increased number of the lesser-demanding applications within our target markets.Commercial server manufacturers and other  low-end single-board computer, or new competitors, may attempt to penetrate the high-performance market for aerospace and  defense electronics systems.",N/A
"The Company will also indemnify and advance expenses to Starboard (and certain of its affiliates) against any loss, cost or expense relating to third party claims in connection with the services or the Services Agreement.The Services Agreement provides (i) that certain work product developed by each of the Company and Starboard will be owned by the party that produced such work product and (ii) for mutual confidentiality obligations between the Company and Starboard for information disclosed pursuant to the Services Agreement.Either the Company or Starboard may terminate the Services Agreement at any time upon thirty days' written notice.The Audit Committee of the Board of Directors of the Company (the “Audit Committee”), consisting of entirely of disinterested directors who are independent of Starboard, reviewed, directed the negotiation of the material terms of, and ultimately approved the Services Agreement prior to the Company's execution thereof.The Audit Committee received, reviewed, and considered a number of factors prior to such approval, including, but not limited to, (i) the business purpose of the Services Agreement, (ii) whether comparable terms of the Services Agreement would be available to the Company in a transaction with an unrelated party and (iii) the benefits of the Services Agreement to the Company's business and operations.",N/A
"Furthermore, our direct sales personnel may not effectively sell our products.If we are unable to educate clinicians on the safe, effective and appropriate use of our products and designed surgeries, we may experience unsatisfactory patient outcomes, negative publicity and increased claims of product liability and may be unable to achieve our expected growth.We have a limited operating history in the United States and may face difficulties encountered by companies early in their commercialization in competitive and rapidly evolving markets.Our success depends, in part, on our ability to continue to enhance our existing products and services and develop or commercialize new products and services that respond to customer needs and preferences, which we expect will require us to incur significant expenses.Our business depends on maintaining our brand and ongoing customer demand for our products and services, and a significant reduction in sentiment or demand could affect our results of operations.",N/A
"Competition among manufacturers for a greater share of the diagnostic imaging equipment market may result in technological  advances in the speed and imaging capacity of new equipment.In addition, advances in technology may enable physicians and  others to perform diagnostic imaging procedures without us.Our scale in both the number of our locations and the number and types of imaging equipment we offer is one of our  competitive advantages.If the development of new technologies accelerates the obsolescence of our current equipment, we  may lose some of our competitive advantage.We may also be required to accelerate the depreciation on existing equipment  and incur significant capital expenditures to acquire the new technologies.",N/A
"If our techniques for managing risk are ineffective, we may be exposed to material unanticipated losses.We are dependent on the use of data and modeling both in our management decision-making generally and in meeting regulatory expectations in particular.The appraisals and other valuation techniques we use in evaluating and monitoring loans secured by real property, other real estate owned (“OREO”) and repossessed personal property may not accurately describe the net value of the asset.The occurrence of fraudulent activity, breaches or failures of our information security controls or cybersecurity-related incidents could have a material adverse effect on our business, financial condition or results of operations.The development and use of AI present risks and challenges that may adversely impact our business.",N/A
"A borrower's default on its obligations may result in lost principal and interest income and increased operating expenses as a result of the allocation of management's time and resources to the collection and work-out of the loan.In certain situations, where collection efforts are unsuccessful or acceptable work-out arrangements cannot be reached, we may have to charge-off the loan in whole or in part, or sell it at a discount.In such situations, we may acquire real estate or other assets, if any, that secure the loan through foreclosure or other similar available remedies, the amount owed under the defaulted loan may exceed the value of the assets acquired, and post-default remedies may be unavailable or unfeasible.We make various assumptions and judgments about the collectability of our loan portfolio, including the creditworthiness of our borrowers and the value of the real estate and other assets serving as collateral for our loans.In determining the amount of the allowance for credit losses on loans, we review our loans and our loss and delinquency experience, and we evaluate other factors including, among other things, current economic conditions.",N/A
"• ForRent.com provides digital advertising through a network of four multifamily websites, which includes ForRent.com, AFTER55.com, CorporateHousing.com and ForRentUniversity.com.• ApartmentHomeLiving.com provides renters with another national online apartment rental resource that showcases apartments for rent with official prices, pictures, floor plans and detailed information on each apartment.• Apartamentos.com provides Spanish speaking renters with an online apartment rentals resource offered exclusively in Spanish, with the same primary features found on Apartments.com.• WestsideRentals.com specializes in Southern California real estate rentals.• Off Campus Partners provides student housing marketplace content and technology to U.S. universities, simplifying the off-campus housing search process for universities, property managers and students.",N/A
"26 The NAIC's Risk Management and Own Risk and Solvency Assessment Model Act requires insurers to maintain a  risk management framework and establishes a legal requirement for insurers or their insurance group to conduct an  Own Risk and Solvency Assessment (""ORSA"") in accordance with the NAIC's ORSA Guidance Manual.The ORSA  Model Act subjects our insurance subsidiaries to ORSA requirements if certain premium thresholds are exceeded.Where applicable, we must regularly conduct an ORSA consistent with the ORSA Model Act, including undertaking  an internal risk management review no less often than annually and preparing a summary report assessing the  adequacy of risk management and capital in light of our insurers' current and future business plans.The NAIC's Corporate Governance Annual Disclosure (“CGAD”) Model Act and Regulation requires the annual filing  of a disclosure describing the insurance group's corporate governance structure, policies, and practices.The Model  Act and Regulation have been adopted in most of the states in which we have insurers domiciled.",N/A
"Our failure to deliver high quality server and storage solutions could damage our reputation and diminish demand for  our products.Our results of operations may be subject to fluctuations based upon our investment in corporate ventures.Legal and Regulatory Risks • Because our products and services may store, process and use data, some of which contains personal information, we  are subject to complex and evolving laws and regulations regarding privacy, data protection and other matters.Our operations could involve the use of regulated materials, and we must comply with environmental, health and  safety laws and regulations, which can be expensive.If we are unable to maintain effective internal control over financial reporting, investors may lose confidence in the  accuracy and completeness of our financial reports and the market price of our common stock may decrease.",N/A
"Accordingly, on November 3, 2022, we received a notice from Nasdaq indicating that  we have regained compliance with Listing Rule 5450(a)(1) as of such date.Although we currently comply with the minimum bid requirement following the reverse stock split, our bid price could fall below $1.00 per share again in  the future, in which event we would receive another deficiency notice from Nasdaq advising us that we have 180 days to regain compliance by maintaining  a minimum bid price of at least $1.00 for a minimum of ten consecutive business days.Under certain circumstances, Nasdaq could require that the  minimum bid price exceed $1.00 for more than ten consecutive days before determining that a company complies.If we fail to satisfy the Nasdaq's  continued listing requirements, we may transfer to the OTC Bulletin Board.Having our common stock trade on the OTC Bulletin Board could adversely  affect the liquidity of our common stock.",N/A
"Both traditional energy companies and new enterprises are investing in energy transition technologies to anticipate future market trends.Chemicals • Bulk chemical producers manufacture commodity chemicals and serve markets that are highly price sensitive.They seek to achieve economies of scale and manage operating margin pressure by building larger, more complex plants located near feedstock sources.Optimization of production yields, throughput, energy efficiency, and reliability are essential for bulk chemical producers.• Specialty chemical manufacturers, which primarily produce more advanced, differentiated and even customer-specific products, face challenges in managing diverse product lines, multiple plants, complex supply chains and product quality.",N/A
"Experience has taught us that a compensation program with both short- and long-term awards provides fair and competitive compensation and aligns associate and shareowner interests by incentivizing business and individual performance.This dual approach also encourages long-term company performance and integrates compensation with our business plans.In addition to cash and equity compensation, we offer associates benefits including life and health (medical, dental & vision) insurance, paid time off, an associate stock purchase plan, and a 401(k) plan.Associates hired prior to 2020 are eligible to participate in a pension plan.A core value is providing associates the ability to “grow a career.”",N/A
"Our future growth and success are dependent upon consumers' demand for electric vehicles and specifically our vehicles in an automotive industry that is generally competitive, cyclical and volatile.Though we continue to see increased interest and adoption of electric vehicles, if the market for electric vehicles in general and Tesla vehicles in particular does not develop as we expect, develops more slowly than we expect, or if demand for our vehicles decreases in our markets or our vehicles compete with each other, our business, prospects, financial condition and operating results may be harmed.In addition, electric vehicles still constitute a small percentage of overall vehicle sales.As a result, the market for our vehicles could be negatively affected by numerous factors, such as: • perceptions about electric vehicle features, quality, safety, performance and cost; • perceptions about the limited range over which electric vehicles may be driven on a single battery charge, and access to charging facilities; • competition, including from other types of alternative fuel vehicles, plug-in hybrid electric vehicles and high fuel-economy internal combustion engine vehicles; • volatility in the cost of oil, gasoline and energy; • government regulations and economic incentives and conditions; and • concerns about our future viability.The target demographics for our vehicles are highly competitive.",N/A
"If we are unable to attract new customers and retain and expand sales to existing customers, our revenue  growth will be adversely affected.To increase our revenue, we must continue to grow our customer base.As our market matures, product and service  offerings evolve, and competitors introduce lower cost and/or differentiated products or solutions that compete or are  perceived to compete with our products and solutions, our ability to attract new customers could be impaired.This may  be especially challenging where organizations have already invested significantly in an existing solution.If our pricing is  not competitive or we cannot attract new customers and subsequently maintain and expand those customer  relationships, our business and operating results may be harmed.",N/A
"We may have problems identifying new product candidates and applying our technologies to other areas.Even if we are successful in identifying new product candidates, they may not be suitable for 23 Table of Contents clinical development, including as a result of manufacturing difficulties, harmful side effects, limited efficacy or other characteristics that indicate that they are unlikely to be products that will receive marketing approval and achieve market acceptance.The success of our product candidates will depend on several factors, including the following: • design, initiation and completion of preclinical studies and clinical trials with positive results; • reliance on third parties, including but not limited to collaborators, licensees, clinical research organizations and contract manufacturing organizations; • receipt of marketing approvals from applicable regulatory authorities; • obtaining and maintaining patent and trade secret protection and regulatory exclusivity for our product candidates and not infringing or violating patents or other intellectual property of third parties; • manufacturability, manufacturing, logistics, and stability of our cell therapies, including autologous cell therapies; • growing our internal cGMP manufacturing capabilities to support commercial manufacturing or making arrangements with third-party manufacturers; • launching commercial sales of our products, if and when approved, whether alone or in collaboration with others; • acceptance of our products, if and when approved, by patients and the medical community; • effectively competing with other therapies; • obtaining and maintaining coverage and adequate reimbursement by third-party payors, including government payors, for our products, if approved; • maintaining an acceptable safety profile of our products following approval; and • maintaining and growing an organization of scientists and businesspeople who can develop and commercialize our product candidates and technology.Our failure to successfully execute on of any of the foregoing for any reason would effectively prevent or delay approval of our lead and other product candidates.Clinical drug development is inherently risky and involves a lengthy and expensive process which is subject to a number of factors, many of which are outside of our control.",N/A
"Our current and prospective competitors include many large companies, some of which have substantially greater market presence,  name recognition and financial, marketing and other resources than us.We compete directly or indirectly with the following  categories of companies: • mass general merchants; • department stores; • large format sporting goods stores; • traditional sporting goods stores; • specialty outdoor retailers; • specialty footwear retailers; • catalogue and internet retailers; • suppliers that sell directly to customers.Pressure from our competitors could require us to reduce our prices or increase our spending for advertising and promotion.Traditional competitors have become increasingly promotional and, if our competitors reduce their prices, it may be difficult for us to  reach our net sales goals without reducing our prices, which could impact our margins.Increased competition in markets in which  we have stores or the adoption by competitors of innovative store formats, aggressive pricing, promotion or delivery strategies and  retail sale methods, such as the Internet, could cause us to lose market share and could have a material adverse effect on our business,  financial condition, results of operations and cash flows.",N/A
"8 Risks related to our business and industry Because of the concentration of our sales to our two largest customers, the loss of either customer or a significant reduction  in orders from either customer could adversely affect our financial results.Home Depot and Lowe's collectively accounted  for approximately 43.2% of total net sales during the fiscal year 2023.We do not typically enter into long-term sales contracts  with Home Depot or Lowe's and our sales usually occur on a ""purchase order"" basis.Our customers can make significant  changes in their purchase volumes and can seek to significantly affect the prices we receive for our products and services and  the other terms and conditions on which we do business.They have in the past discontinued, and may in the future choose to  discontinue, purchasing some or all of our products with little or no notice.",N/A
"Maturing after 2 years but within 5 years30,029   1.92  Maturing after 5 years14   —  Total certificates of deposit300,100   19.22  Total deposits $  1,560,935   100.00%  ______________________ (1) Based on remaining maturity of certificates.The following table indicates the amount of the Bank's jumbo certificates of deposit by time remaining until maturity  as of September 30, 2023.",N/A
"Our inability to obtain and retain sufficient product liability insurance at an acceptable cost to protect against potential product liability claims could prevent or inhibit the commercialization of our approved products or additional products we develop.Although we will endeavor to obtain and maintain such insurance in coverage amounts which we deem adequate, any claim that may be brought against us could result in a court judgment or settlement in an amount that is not covered, in whole or in part, by our insurance or that is in excess of the limits of our insurance coverage.Our insurance policies also have various exclusions, and we may be subject to a product liability claim for which we have no coverage.We may have to pay any amounts awarded by a court or negotiated in a settlement that exceed our coverage limitations or that are not covered by our insurance, and we may not have, or be able to obtain, sufficient capital to pay such amounts.We may acquire businesses or products, or form strategic alliances, in the future, and we may not realize the benefits of such acquisitions.",N/A
"Our plan l for the developm l ent of tarcocimab may a be unsuccessful f .lWe discontinued further development of tarcocimab a in mid-2023 pending the outcomes of two other trials that were then underway.While those other trials produced favorable results and we have resumed development of tarcocimab, that development may not be successful f .In connection with our development program, we developed an enhanced, commercial formulation of tarcocimab to improve manufactur t ability and usability by reducing inje n ction time from 7-10 seconds to 2-3 seconds.While we believe that doing so does not affe f ct the applicability of prior test results, we cannot be sure that the FDA, EMA or comparable foreign regulatory authorities would agree or accept our planned BLA even if our planned additional trial is successful f .",N/A
"If we are unable to obtain and maintain sufficient intellectual property protection for our platform technologies and product candidates, or if the scope of the intellectual property protection is not sufficiently broad, our competitors could develop and commercialize products similar or identical to ours, and our ability to successfully commercialize our products may be adversely affected.We may rely on one or more in-licenses from third parties.If we lose these rights, our business may be materially adversely affected, and if disputes arise with one or more licensors, we may be subjected to future litigation as well as the potential loss of or limitations on our ability to develop and commercialize products and technologies covered by these license agreements.We are a clinical stage global biopharmaceutical company aiming to develop and deliver novel oral therapeutics to treat a wide range of chronic diseases with unmet medical need.Our differentiated technology platform leverages structure- based drug discovery and computational chemistry expertise and enables us to develop oral small molecule therapeutics for the treatment of various diseases including those impacting the metabolic, cardiovascular, and pulmonary systems.",N/A
"If we are unable to successfully address these risks and challenges as we encounter them, our business, financial condition, and results of operations could be adversely affected.6 Index Our operating results and financial condition may fluctuate.Our operating results and financial condition may fluctuate from quarter to quarter and year to year and are likely to continue to vary due to a number of factors, many of which are not within our control.If our operating results do not meet the expectations of securities analysts or investors, who may derive their expectations by extrapolating data from recent historical operating results, the market price of our common stock will likely decline.Fluctuations in our operating results and financial condition may occur due to a number of factors, including, but not limited to, those identified below and throughout this “Risk Factors” section: • delays between our expenditures to develop and market new or enhanced products and consumables and the generation of sales from those products; • the geographic distribution of our sales and our supply chain; • market acceptance of our products, both domestically and internationally; • development of new competitive products by others; • increased levels of competition, including due to the return to market of our largest casino and gaming competitor; • our responses to price competition; • our level of research and development activities; • changes in the amount that we spend to develop, acquire or license new products, consumables, technologies or businesses; • changes in the amount we spend to promote our products and services; • changes in the cost of satisfying our warranty obligations and servicing our installed base of products; • availability of third party components at reasonable prices or at all; • general economic and industry conditions, including inflation and changes in interest rates affecting returns on cash balances and investments, that affect customer demand; • changes in customer demand as supply chain constraints ease; • the dependence of our supply chain on a few, foreign third party manufacturers and suppliers and the impact on our supply chain of product or component shortages and cost increases due to events beyond our control, including inflation and political or social instability such as the ongoing Russia-Ukraine conflict and conflict in the Middle East and possible expansion of such conflicts; • severe weather events, public health crises, military actions and other external events out of our control that can disrupt our operations or the operations of our customers' or suppliers' facilities; and • changes in accounting rules and regulations.",N/A
"A pivotal Phase 3 program of LYR-210, called the  ENLIGHTEN program, consists of two pivotal trials and is currently ongoing.Our second pipeline product candidate, LYR-220, is designed for use in CRS patients who continue to require treatment to manage CRS  symptoms despite having had ethmoid sinus surgery.LYR-220 employs a larger matrix designed for patients whose nasal cavity is larger including those  patients whose nasal cavity is larger after having undergone ethmoid sinus surgery.A Phase 2 clinical trial of LYR-220, called BEACON, has recently  concluded and topline data have been presented.Our Technology  Our innovative and proprietary drug delivery technology is designed to locally and continuously deliver small molecule drugs to the affected  tissue over a sustained period of time from a single administration.",N/A
"Therefore, the Company may not be able to acquire other assets or businesses● The Company may be unable to obtain additional financing, if required, to complete an acquisition, or to complement the operations and growth of existing and target business, which could compel the Company to restructure a potential business transaction or abandon a particular business combination ●We hold our cash and cash equivalents that we use to meet our working capital and operating expense needs in deposit accounts that could be adversely affected if the financial institution holding such funds fail.● Our inability to retain or hire qualified employees, as well as the loss of any of our executive officers, could negatively impact our ability to retain existing business and generate new business● Our growth strategy depends, in part, on the acquisition of other insurance intermediaries, which may not be available on acceptable terms in the future or which, if consummated, may not be advantageous to us",N/A
"We may not be successful in our ability to scale tissue recovery efforts to meet the potential future demand of our pipeline.Obtaining adequate supplies of human tissue involves several risks, including limited control over availability (due to for example, access to hospital accounts and the number of consenting mothers), quality, delivery schedules, and eligibility requirements.In addition, any interruption in the supply of any human tissue component could harm our ability to manufacture our products until a new source of supply, if any, could be found.We also utilize third-party providers of placental donations on an as- needed basis to mitigate risks but there can be no assurance that these third parties will be able to provide donated tissues at all times.We may be unable to find a sufficient alternative supply channel in a reasonable time period or on commercially reasonable terms, if at all, which would have an adverse effect on our business, results of operations and financial condition.",N/A
"To bring down the false alarm rate, security teams proactively divert personal items away from the metal detectors into manual bag check processes that are vulnerable to human error and relatively easy for a determined attacker to defeat.The result is a slow, frustrating process that fails to deliver the security it promises.The root causes are outdated technical standards, old analog technology, and the inability of humans to fully compensate for these deficiencies.Our touchless security screening technology overcomes the limitations of legacy security screening methods and processes.We define touchless security screening as a screening process that reliably detects weapons and other threats in a way that allows most people to enter venues and facilities while walking at a normal pace together with their party, without requiring manual bag or body inspections.",N/A
"If we are unable to do so on a cost-effective basis, we could experience reduced profits.In addition, there could be legal or regulatory restraints on our ability to phase out current services.We may expand through investments in, acquisitions of, or the development of new products with assistance from, other companies, any of which may not be successful and may divert our management's attention.In the past, we completed several strategic acquisitions.We also may evaluate and enter into discussions regarding an array of potential strategic transactions, including acquiring complementary products, technologies or businesses.",N/A
"In June 2016, the FASB issued a new accounting standard, commonly referred to as the Current Expected Credit Losses (CECL)  standard, which replaced the current approach under GAAP for establishing our allowance for credit losses.We adopted the standard on January  1, 2023.Prior to CECL, our allowance for credit losses generally considered only past events and current conditions.The CECL methodology  requires a forward-looking methodology that reflects the expected credit losses over the lives of financial assets, starting when such assets are first  originated or acquired.The CECL standard requires us to record, at the time of origination, credit losses expected throughout the life of our loans,  as opposed to the current practice of recording losses when it is probable that a loss event has occurred.",N/A
"● Cyber-attacks, breaches of network or information technology security, presentation attacks, natural disasters, pandemics, or terrorist attacks could have an adverse effect on our business.● The War in Ukraine and the Middle East may impact the business of the Company, the markets in which it operates and the financial markets, in which the Company needs to raise capital.● Interruptions, delays in service or defects in our systems could impair the delivery of our services and harm our business.● Third parties could obtain access to our proprietary information or could independently develop similar technologies.● Third parties may assert that we are infringing their intellectual property rights; IP litigation could require us to incur substantial costs even when our efforts are successful.",N/A
"We are subject to legal proceedings from time to time which seek material damages or otherwise may have  a material adverse effect on our business.The costs we incur in defending ourselves or associated with  settling any of these proceedings, as well as a material final judgment or decree against us, could materially  adversely affect our financial condition by requiring the payment of the settlement amount, a judgment or  the posting of a bond and/or such matters could otherwise materially and adversely impact our business.13 Operational Risks Related to Our Business • Uncertain market and economic conditions have had, and may in the future have, serious adverse  consequences on our business, financial condition and share price.• Failure to effectively manage our costs could have a material adverse effect on our profitability.• Negative publicity about us or our industry could adversely affect our business, results of operations,  financial condition, and prospects.",N/A
"These companies offer similar products and services to Profire, but at a smaller scale.While price is a significant method of competition within the oil and gas industry, we believe the most important competitive factors are performance, quality, reliability, durability, product support and service expertise.We believe this quality-focused approach will enable us to remain competitive.Through our development of products with enhanced capabilities, we have begun to compete with companies such as Honeywell Thermal, Emerson, Fireye, and Siemens in connection with larger, more complex combustion applications.As we continue to expand further into downstream oil and gas applications and outside of traditional oil and gas markets, we expect this competition to intensify.",N/A
"In addition to Realtor.com®, Move also offers online tools and services to do-it-yourself landlords and tenants, including Avail, a  platform that improves the renting experience for do-it-yourself landlords and tenants with online tools, educational content and  world-class support.Avail employs a variety of pricing models, including subscription fees, as well as fixed- or variable-pricing  models.The Company's digital real estate services businesses operate in highly competitive markets that are evolving rapidly in response  to new technologies, business models, product and service offerings and changing consumer and customer preferences.The  success of these businesses depends on their ability to provide products and services that are useful for consumers, real estate,  mortgage and other related services professionals, homebuilders and landlords and attractive to their advertisers, the breadth,  depth and accuracy of information they provide and brand awareness and reputation.These businesses compete primarily with  companies that provide real-estate focused technology, products and services in their respective geographic markets, including  other real estate and property websites in Australia, the United States and Asia.",N/A
"Risks Related to Our Regulatory Environment •We are subject to some federal and state consumer protection laws.The contours of the Dodd-Frank UDAAP standard remain uncertain and there is a risk that certain features of our business could be deemed to be a UDAAP.Our industry is highly regulated and is undergoing regulatory transformation, which results in inherent uncertainty.• Regulations relating to privacy, information security and data protection could increase our costs, affect or limit how we collect and use personal information and adversely affect our business opportunities.",N/A
"Our high-touch engagement model for larger  implementations accelerates agent activation and targets desired business outcomes by leveraging a proven  lifecycle approach including detailed discovery, design, testing, training and optimization.Through the use  of tools and processes that have been refined over thousands of customers, we can also efficiently meet the  needs of our smaller clients.We offer flexibility and integrate with a number of leading CRM vendors,  including: Microsoft Corporation, or Microsoft, Oracle Corporation, or Oracle, Salesforce.com, Inc., or  Salesforce, ServiceNow, Inc., or ServiceNow, Zendesk, Inc., or Zendesk, and others.We also offer  integrations into UC partners such as Microsoft Teams, Nextiva, RingCentral, Zoom Video  Communications, or Zoom, and others.We combine these comprehensive integrations with out-of-the-box  application adapters that allow our customers to easily build workflow integrations without the need for  dedicated developers.",N/A
"In addition, we operate a full-service advertising agency that leverages aiWARE to provide differentiated managed services to our customers.Our advertising services  include media planning and strategy, advertisement buying and placement, campaign messaging, clearance verification and attribution, and custom analytics, specializing in  host-endorsed and influencer advertising across radio, podcasting, streaming audio, social media and other digital media channels.Our advertising services also include our  VeriAds Network, which is comprised of programs that enable broadcasters, podcasters and social media influencers to generate incremental advertising revenue.We generate revenue primarily through the delivery of our Software Products & Services (as defined below) across our Commercial Enterprise (“Commercial  Enterprise”) and Government and Regulated Industries (“Government & Regulated Industries”) divisions, and secondarily from Managed Services (as defined below) that today  include the delivery of advertising and content licensing services within Commercial Enterprise.•“Software Products & Services” consists of revenues generated from Commercial Enterprise and Government & Regulated Industries customers using our aiWARE  platform and hiring solutions, any related support and maintenance services, and any related professional services associated with the deployment and/or implementation  of such solutions.",N/A
"• Product liability lawsuits against us could cause us to incur substantial liabilities and could limit the potential commercialization of any products that we may develop.Our ability to successfully develop and commercialize our product candidates will substantially depend upon the  availability of reimbursement funds for the costs of the resulting drugs and related treatments.The commercial success of any of our product candidates will depend upon the degree of market acceptance of gene therapy by physicians, patients, third-party payors and others in the medical community.• Ethical, legal, and social issues may reduce demand for any gene therapy products for which we obtain marketing approval.We may not be successful in our efforts to expand our pipeline of additional product candidates.",N/A
"These or future price increases could reduce our unit sales, damage our reputation with our customers as an extreme value retailer, or cause us to become less competitive in the marketplace, each of which could have a material adverse effect on our business, financial condition and results of future operations.We, like many retailers, are and may in the future be subject to increasing operational costs, including escalating product costs, the imposition of tariffs on imported goods, and higher wage and benefits costs in response to legislative requirements and competitive pressures.In fiscal 2019, we implemented price increases (including beyond $5 per item) in an effort to mitigate some or all of the risks of such operational cost increases.We can offer no assurances that price increases will be accepted by our customers, or that price increases will be sufficient to offset the impact of future cost increases.In addition, any increase in our prices may cause our unit sales to decline and could undermine our positioning as an extreme value retailer making us less attractive to our customers and less competitive in the marketplace.",N/A
"Our Bylaws designate the United States District Court for the Eastern District of Virginia, Alexandria  Division, or in the event that court lacks jurisdiction, the Circuit Court of the City of Alexandria, Virginia,  as the sole and exclusive forum for certain types of actions and proceedings that may be initiated by our  shareholders, which may not be enforced and could discourage lawsuits against us and our directors and  officers.o Risks Relating to the Consummation of the Merger and Burke & Herbert Following the Merger • We expect to incur substantial costs related to the merger and integration.• Combining Burke & Herbert and Summit may be more difficult, costly, or time-consuming than expected,  and Burke & Herbert and Summit may fail to realize the anticipated benefits of the merger.Our results following the merger may suffer if we do not effectively manage our expanded operations,  including complying with any enhanced regulatory requirements.The continuing corporation may be unable to retain Burke & Herbert and/or Summit personnel successfully  after the merger is completed.",N/A
"In addition, the approval process and the requirements  governing clinical trials vary from country to country.The policies of  14 Table of Contentsthe FDA or other regulatory authorities may change, and additional government regulations may be enacted that could prevent, limit or delay the necessary approval of  any products we may develop and commercialize.We cannot predict the likelihood, nature or extent of government regulation that may arise from future legislation or  administrative action, either in the United States or elsewhere.If we are slow or unable to adapt to new or changed requirements, or if we are not able to maintain  regulatory compliance, we may lose any marketing approval that we may have obtained, and we may not achieve or sustain profitability.",N/A
"If we underestimate the demand for our products, we, or our manufacturers, may not be able to scale to meet our  demand, and this could result in delays in the shipment of our products and our failure to satisfy demand, as well as  damage to our reputation and customer relationships.If we overestimate the demand for our products, we could face  inventory levels in excess of demand, which could result in inventory write-downs or write-offs and the sale of excess  inventory at discounted prices, which would harm our gross margins.In addition, failures to accurately predict the level of  demand for our products could cause a decline in sales and harm our results of operations and financial condition.In  addition, we may not be able to accurately forecast our results of operations and growth rate.Forecasts may be particularly challenging as we expand into new markets and geographies and develop and market  new products.",N/A
"In 2023, we won the Google Cloud Partner of the Year award for Diversity, Equity and Inclusion.Further, 38% of our global management team are Women or Gender Diverse.Our Strategy Thoughtworks was founded in Chicago in 1993 by a small team with a unified purpose.At that time, information technology functions were largely regarded as ineffective cost centers.Thoughtworks aspired to change this by shrinking the distance between creators of technology and its consumers and by pursuing excellence in the craft of software development.",N/A
"•Our operating results may fluctuate significantly, which makes our future operating results difficult to predict and could cause our operating results to fall below  expectations or our guidance.•Our products are subject to competition, including competition from the customers to whom we sell, and new entrants and the introduction of other distribution models in  our markets may harm our competitive position.•Cybersecurity risks and cyber incidents, as well as other significant disruptions of our information technology networks and related systems and resources, could  adversely affect our business, disrupt operations and expose us to significant liabilities.•Changes in U.S. government priorities and/or delays or reductions in defense spending could negatively impact our financial position, results of operations, liquidity and  overall business.•Changing procurement policies could adversely affect our business and financial results.",N/A
"In the event that our license agreements, or other similar license  arrangements with OEMs or others, are terminated or we are unable to agree upon renewal terms, we may be subject to costs  and uncertainties of litigation as well as restrictions on our ability to sell aftermarket parts that replicate parts covered by those  design patents or trademarks.We have filed, and may file in the future, challenges to OEM patents, including patents owned by  OEMs with which we have patent license agreements.We also may file challenges to OEM trademarks.To the extent OEMs  are successful in defending their patents or trademarks, we could be restricted or prohibited from selling the corresponding  16 aftermarket products, which could have an adverse effect on our business.Also, we will likely incur expenses investigating,  pursuing and defending intellectual property claims.",N/A
"Moreover, preclinical and clinical testing may not start or be completed as we forecast and may not achieve the desired results.Therefore, we expect to seek additional sources of funding, such as additional financing, grant funding or partner or collaborator funding, which additional sources of funding may not be available on favorable terms, if at all.We have had limited operations to date and there can be no assurance that we will be able to execute on our business strategy.We are a clinical stage company, as such, have had limited operations to date and need to rely on paid consultants to help us achieve our clinical, regulatory and overall business goals.We have yet to demonstrate our ability to overcome the risks frequently encountered in our industry and are still subject to many of the risks common to such enterprises, including our ability to implement our business plan, market acceptance of our proposed business and lead product, under-capitalization, cash shortages, limitations with respect to personnel, financing and other resources, competition from better funded and experienced companies, and uncertainty of our ability to generate revenues.",N/A
"Our frequently updated catalog further enhances this experience, enabling customers to discover products that align with their needs, including our exclusive Lulus products.One of the most important aspects of our digital shopping experience is our extensive database of proprietary customer product reviews, which we first enabled in 2012 and now amounts to over one million reviews.Our website has the functionality to allow customers to upload their own product photos along with their reviews, which bring the products to life on a diverse array of body types.Ɣ Boutique Styling Experience:    We strive to offer exceptional customer service before, during, and after each purchase.We accomplish this by continuously improving the boutique experience on our platform and in-store through features such as our product recommendation engine, targeted messaging and with our in-house team of customer service associates who maintain deep expertise of our brand, products, and systems.",N/A
"We are also precluded from offering our covered employees that  work on financial aid matters (if any), any bonus or incentive-based compensation based on the award of financial aid to  students enrolled in a postsecondary institution.If it were determined that any of our compensation practices violated the  incentive compensation law, we could experience an adverse outcome in pending litigation and be subject to substantial  monetary liabilities, fines, and other sanctions, any of which could have a material adverse effect on our business,35  prospects, financial condition and results of operations and could adversely affect our stock price.See Part 1, Item 3 –  Litigation for a discussion of certain litigation matters to which we are a party.In addition, the regulation raises a question as to whether companies like ours, as an entity, are prohibited from  entering into tuition revenue-sharing arrangements with university partners.",N/A
"● responding to competitive pressures;● complying with regulatory requirements; and● maintaining compliance with applicable laws.Any additional capital raised through the sale of equity or equity-linked securities may dilute our current stockholders' ownership in us and could also result in a decrease in the market price of our common stock.The terms of those securities issued by us in future capital transactions may be more favorable to new investors and may include preferences, superior voting rights and the issuance of warrants or other derivative securities, which may have a further dilutive effect.",N/A
"On January 19, 2021, the Company acquired 100% ownership of Global Technology Group Pty Ltd (GTG), an Australian Company.GTG has an Alderney Gambling Control Commission (“AGCC”) license (an AGCC Category 2 Associate Certificate).The government of Alderney offers software service providers in the gambling industry with a gambling license that allows gambling operators to conduct business related to casino, lotto, and other gaming related activities.We believe that Alderney is one of the preferred locations for online Gambling operators and is regarded in the community as one of the strictest licensing jurisdictions with policies aimed at improving transparency and cultivating a good gaming environment.GTG was wholly-owned by Anthony Brian Goodman, our Chief Executive Officer and director, and the direct beneficial owner of the majority of our voting stock.",N/A
"We expect that it could be several years before we have a commercialized product, and  we may never have a commercialized product.We expect to continue to incur significant expenses and see continued operating losses for the foreseeable  future.We anticipate that our expenses will increase substantially if, and as, we: • enroll patients in our INSPIRE Duchenne trial and advance clinical development of SGT-003;  • advance our other Candidates into clinical trials; • continue research and preclinical development of our Candidates and adjacent technologies such as assays; • seek to identify additional candidates; • engage in regulatory interactions with the FDA and other regulatory authorities; • submit regulatory filings relating to the development of our Candidates and seek marketing approvals for our Candidates that successfully  complete clinical trials, if any; • establish a sales, marketing and distribution infrastructure to commercialize any products for which we may obtain marketing approval; • arrange manufacturing for larger quantities of our product candidates for preclinical and clinical development and potential commercialization; • maintain, expand, protect and enforce our intellectual property portfolio; • hire and retain additional clinical, quality control and scientific personnel; • build out new facilities or expand existing facilities to support our activities; • acquire or in-license other drugs, drug candidates, technologies and intellectual property; • fund a portion of the development or commercialization of products in collaboration with Ultragenyx pursuant to our collaboration and license  agreement with Ultragenyx; and • add operational, financial and management information systems and personnel.To become and remain profitable, we must develop and eventually commercialize one or more product candidates with significant market potential.This will require us to be successful in a range of challenging activities, and our expenses will increase substantially as we enroll patients in and conduct  the INSPIRE Duchenne trial and continue to develop our pipeline and complete ongoing and planned preclinical studies and clinical trials of our  Candidates, obtain marketing approval for our Candidates, develop adjacent technologies such as assays, develop and validate commercial-scale  manufacturing processes, manufacture, market and sell any future candidates for which we may obtain marketing approval and satisfy any post-marketing  requirements.",N/A
"● Issued patents covering our product candidates could be found invalid or unenforceable if challenged in court.We may not be able to protect our trade secrets in court, and intellectual property litigation could cause us to spend substantial resources.● Third-parties may initiate legal proceedings alleging that we are infringing their intellectual property rights, the outcome of which would be uncertain and could harm our business.● We may be subject to claims asserting that our employees, consultants or advisors have wrongfully used or disclosed alleged trade secrets of their current or former employers or claims asserting ownership of what we regard as our own intellectual property.● If we do not obtain patent term extension and data exclusivity for our product candidates, our business may be harmed.",N/A
"In addition, because C&F Finance  provides financing in a relatively higher-risk market compared to that of C&F Bank or other traditional financial  institutions, it expects to experience a higher level of credit losses than financing sources that lend primarily to more credit- worthy borrowers.In addition to automobile financing, beginning in 2018, C&F Finance expanded its lending portfolio to  include marine and RV loan contracts.These contracts are also purchased on an indirect basis through a referral program  administered by a third party and are for prime loans made to individuals with higher credit scores and therefore typically  priced at rates lower than C&F Finance's automobile loans, and average less than $50,000.Revenues from consumer  finance operations consist principally of interest earned on automobile, marine and RV loans.While the consumer finance  segment's loans outstanding and interest income are not materially affected by seasonal factors, delinquencies on  automobile loans are generally highest in the period from November through January, related in part to seasonal trends  affecting borrowers, including consumer spending.",N/A
"In our On Device Solutions business, we rely on wireless carriers and OEMs to distribute our products and services.A significant portion of our On Device Solutions business is derived from a limited number of wireless 13 Table of Contents carriers.Our failure to maintain our relationships with these carriers, establish relationships with new carriers, or a loss or change of terms could materially reduce our revenue and thus harm our business, operating results, and financial condition.Our contracts with its advertiser and publisher customers do not generally include long-term obligations requiring them to purchase our services and are cancellable upon short or no notice and without penalty.We have both exclusive and non-exclusive carrier and OEM agreements.",N/A
"We compete primarily on service, product selection, interest rates, and origination fees.Title Forward competes with numerous national and local companies that typically focus solely on these  services.We compete primarily on timeliness of service and fees.Rent. competes with companies that provide an online marketplace for residential rental listings and  related digital marketing solutions.We compete primarily on the scope and quality of listings we offer on our  digital platforms, our value-added digital marketing solutions, traffic generated through our websites and mobile  applications, and the breadth of our broader marketing services.",N/A
"Initially the  clinical development of KVA12123 will be as a second-line therapy in these indications.These three cancer therapy segments represent a forecasted $48 billion market opportunity in 2027 according  to GlobalData.Kineta is a leader in the field of innate immunity and is focused on developing potentially differentiated immunotherapies.With KVA12123 in clinical development and the lead anti-CD27 agonist  mAb in preclinical development, Kineta believes it is positioned to achieve multiple value-driving catalysts.Kineta has assembled an experienced management team, a seasoned research and clinical  team, an immuno-oncology focused scientific advisory board, and a leading intellectual property position to advance its pipeline of potential novel immunotherapies for cancer patients.",N/A
"A significant increase in our supply costs, including for raw  materials that are subject to commodity price fluctuations, inflationary pressures, and/or the imposition of tariffs, or a  protracted interruption of supplies for any reason, could result in the delay of one or more of our customer contracts,  increase our costs, result in lost revenue or could damage our reputation and relationships with customers.In addition,  quality and sourcing issues that our suppliers may experience can also adversely affect the quality and effectiveness of our  products and services and may result in liability or reputational harm to us.Any of these events could have a material  adverse effect on our business, financial condition, results of operations, and cash flows.Our profitability may suffer if we are unable to manage our expenses in connection with sales increases, sales decreases,  or if we experience change in product mix.Some of our expenses are relatively fixed in relation to changes in sales volume and are difficult to adjust in the short  term.",N/A
"To a lesser extent, we may invest in other types of  securities including, first lien unitranche, second lien senior secured, unsecured, subordinated, and mezzanine loans, and equities  in both private and public middle market companies.Our portfolio is comprised primarily of investments in debt, including secured and unsecured debt of private middle-market  companies that, in the case of senior secured loans, generally are not broadly syndicated and whose aggregate tranche size is  typically less than $300 million.Our portfolio may also include equity interests such as common stock, preferred stock, warrants  or options.Most of the debt instruments we invest in are unrated or rated below investment grade, which is often an indication  of size, credit worthiness and speculative nature relative to the capacity of the borrower to pay interest and principal.Generally,  if the Company's unrated investments were rated, they would be rated below investment grade.",N/A
"On March 17, 2022, we were granted an ODD by the FDA for the active ingredient in KIO-301.Currently, no therapeutics are approved to treat patients with RP.A possible market expansion beyond RP would be to evaluate KIO-301 in patients with geographic atrophy (GA), the late stage of age-related dry macular degeneration.Like RP, GA results in photoreceptor degeneration while maintaing RGC viability.Thus, KIO-301 could benefit these patients who have lost vision.",N/A
"Building the requisite sales, marketing and distribution capabilities to successfully market and sell our products continues to be expensive and time-consuming and requires significant attention from our leadership team to manage.Any failure or delay in the expansion of our sales, marketing or distribution capabilities would adversely impact the commercialization of our products.Additionally, we may choose to collaborate, either globally or on a territory-by-territory basis, with third parties on the commercialization of our products.If we are unable to enter into such arrangements on acceptable terms or at all, we may not be able to successfully commercialize our products.As of December 31, 2023, our commercial organization consisted of 166 employees in the U.S. and 14 employees in Europe.",N/A
"We have also nominated two development candidates, WTX-712 and WTX-518.WTX-712 is a systemically delivered, conditionally activated Interleukin-21 (IL- 21) INDUKINE molecule that is being developed to minimize the severe toxicities that have been observed with recombinant IL-21 therapy and maximize clinical benefit when administered as monotherapy or in combination with checkpoint inhibitors in refractory and/or immunologically unresponsive tumors.WTX-518 is a systemically delivered, conditionally activated Interleukin-18 (IL-18) INDUKINE molecule in development for the treatment of cancer and is designed to promote activation of immune cells in the TME, resulting in antitumor immunity.We are building our PREDATOR platform to generate a pipeline of innovative therapeutics that cover a diversity of immune stimulating mechanisms with the potential to address significant unmet medical need in cancer.We are also expanding our platform capabilities to other therapeutic areas, including inflammatory diseases.",N/A
"This interest rate risk can arise from Federal Reserve Board monetary  policies, as well as other economic, regulatory and competitive factors that are beyond our control.Rising interest  rates have decreased the value of the Company's held-to-maturity and available for sale securities portfolio, and certain  fixed-rate loans and the Company would realize losses if it were required to sell such securities or loans to meet  liquidity needs.As a result of inflationary pressures and the resulting rapid increases in interest rates over the last  year, the trading value of previously issued government and other fixed income securities has declined significantly,  as well as the value of certain fixed-rate loans.These securities make up a majority of the securities portfolio of most  banks in the U.S., including the Company's, resulting in unrealized losses.Unaccreted unrealized losses that existed  at the time securities were transferred to held-to maturity and unrealized losses on available-for-sale securities are   reflected in the Company's accumulated other comprehensive income/(loss).",N/A
"Downturns in one or more of these industries have had, and will likely have, a material adverse effect on our business, financial condition, and operating results.Alternatively, during periods of rapid growth, we must be able to acquire and develop sufficient manufacturing capacity to meet customer demand and attract, hire, assimilate, and retain a sufficient number of qualified people.Our net sales and operating results may be negatively affected if we fail to accurately predict and effectively respond.Our failure to estimate customer demand accurately could result in inventory obsolescence, liabilities to our suppliers for products no longer needed, and manufacturing interruptions or delays which could affect our ability to meet customer demand.The success of our business depends in part on our ability to accurately forecast and supply equipment and services that Table of Contents 17 meet the rapidly changing technical and volume requirements of our customers.",N/A
"Our distributor and reseller sales structure could subject us to lawsuits, potential liability and reputational harm if, for example, any of these parties misrepresents the functionality of our products or services to customers, or violates laws or our corporate policies.If we fail to manage our existing or future sales through distributors and resellers effectively, our business and operating results could be materially and adversely affected.Acquisitions could disrupt our business and seriously harm our financial condition.We will continue to consider acquisitions of businesses, products or technologies.In the event of any future acquisitions, we could issue stock that would dilute our current stockholders' percentage ownership, incur additional debt, assume liabilities or incur large and immediate write-offs.",N/A
"As of December 31, 2023, we had cash, cash equivalents and short-term investments of $103.0 million.We anticipate having approximately $82.0 million  in cash, cash equivalents, and short-term investments as of March 31, 2024.Based on our current operating plan, we believe that our cash, cash equivalents and short-term  investments as of December 31, 2023 will enable us to fund our operating expenses and capital expenditure requirements through at least the next 12 months.However,  changing circumstances may cause us to consume capital significantly faster than we currently anticipate, and we may need to spend more money than currently expected  because of circumstances beyond our control.Our future capital requirements will depend on many factors, including: •the success of our activities to evaluate and pursue strategic alternatives;  •the scope, progress, results and costs of clinical trials and preclinical studies for any product candidates; •the scope, prioritization and number of our research and indications we pursue; •the costs and timing of manufacturing for any product candidates; •the costs, timing, and outcome of regulatory review of any product candidates; •the timing and amount of any future milestone or other payments to licensors; •the terms and timing of establishing and maintaining collaborations, licenses and other similar arrangements; •the costs of preparing, filing and prosecuting patent applications, maintaining and enforcing our intellectual property rights and defending intellectual property- related claims; •the extent to which we acquire or in-license other product candidates and technologies; •the costs of securing manufacturing arrangements for commercial production; •our ability to achieve sufficient market acceptance, coverage and adequate reimbursement from third-party payors and adequate market share and revenue for any  approved products; and •the costs of establishing or contracting for sales and marketing capabilities if we obtain regulatory approvals to market any product candidates.",N/A
We will need to transition at some point from a company with a research and development focus to a company capable of supporting  commercial activities.We may not be successful in such a transition.We have incurred significant net losses since inception and anticipate that we will continue to incur substantial net losses for the foreseeable future.We  currently have no source of product revenue and may never achieve profitability.Our stock is a highly speculative investment.,N/A
"If our multi-brand strategy is unsuccessful, these expenses may never be recovered.Any failure of our other marketing efforts could also have an adverse impact on us.The difficulties of integration include coordinating and consolidating geographically separated systems and facilities, integrating the management and personnel of the acquired brands, maintaining employee morale and retaining key employees, implementing our management information systems and financial accounting and reporting systems, establishing and maintaining effective internal control over financial reporting, and implementing operational procedures and disciplines to control costs and increase profitability.In the event we are able to acquire additional brands or restaurant concepts, the integration and operation of such acquisitions may place significant demands on our management, which could adversely affect our ability to manage our existing restaurants.In addition, we may be required to obtain additional financing to fund future acquisitions, but there can be no assurance that we will be able to obtain additional financing on acceptable terms or at all.",N/A
"Net income (loss) is the most directly comparable financial measure to Adjusted EBITDA required by, or presented in accordance, with GAAP.Our business is subject to numerous risks and uncertainties, including those described in Part I, “Item 1A. Risk Factors” in this Annual Report on Form 10-K.You should carefully consider these risks and uncertainties when investing in our common stock.The principal risks and uncertainties affecting our business include the following: ƔIf we are not able to successfully maintain our desired merchandise assortment or manage our inventory effectively, we may be unable to attract a sufficient number of customers or sell sufficient quantities of our merchandise; Ɣ Our success depends on our ability to anticipate, identify, measure, and respond quickly to new and rapidly changing fashion trends, customer preferences and demands, and other factors; Ɣ We rely on consumer discretionary spending and may be adversely affected by economic downturns and other macroeconomic conditions or trends; Ɣ A global health emergency, epidemic or pandemic, such as a resurgence of COVID-19, and the post-COVID-19 pandemic environment may have an adverse effect on our labor workforce availability, supply chain, business, financial condition, and results of operations in ways that remain unpredictable; Ɣ We may be unable to maintain a high level of engagement with our customers and increase their spending with us, which could harm our business, financial condition, and results of operations; Ɣ Our business depends on our ability to maintain a strong community around the Lulus brand with engaged customers and influencers; Ɣ",N/A
"Collateral evaluation for these types of loans also requires a more detailed analysis at the time of loan underwriting and on an  ongoing basis.In addition, most of our commercial and multi-family loans are not fully amortizing and include balloon payments upon  maturity.Balloon payments may require the borrower to either sell or refinance the underlying property in order to make the payment,  which may increase the risk of default or non-payment.Finally, if foreclosure occurs on a commercial real estate loan, the holding period  for the collateral, if any, typically is longer than for a one-to-four-family residence because the secondary market for most types of  commercial and multi-family real estate is not readily liquid, so we have less opportunity to mitigate credit risk by selling part or all of  our interest in these assets.See “Item 1. Business – Lending Activities – Commercial Real Estate Lending” of this Form 10–K.",N/A
"o Creator Sponsorships: offered to advertisers via RAC programmatically and through direct sales.● Subscriptions, Pay-Per-View and Tipping:o Subscriptions: revenue generated from users that subscribe to content creators on Locals.com.o Badge Subscriptions: revenue generated from badge subscriptions purchased by users on Rumble.com.o Pay-Per-View and Tipping: revenue generated from pay-per-view videos offered by creators and tips given by users to creators during livestreams.",N/A
"As used in this Annual Report, unless otherwise noted or the context requires otherwise: • “Client Net Promoter Score” or “cNPS” refers to a percentage, expressed as a numerical value from -100 to 100, to gauge client satisfaction based on our internal client satisfaction survey, using the question “How likely are you to recommend TaskUs to a friend or a colleague?” on a 0 to 10 scale.Responses of nine or ten are considered “promoters” and responses of six or less are considered “detractors.”The percentage of respondents who are detractors is subtracted from the percentage of respondents who are promoters, and the resulting percentage is the Client Net Promoter Score.cNPS for a given period reflects all client satisfaction survey responses received during that period.TaskUs runs its cNPS survey approximately every six months.",N/A
"We will need to raise substantial additional funding.If we are unable to raise capital when needed or on attractive terms, we would be forced to delay,  scale back or discontinue some of our product candidate development programs or future commercialization efforts.The development of pharmaceutical drugs is capital-intensive.We are engaged in clinical development activities on various programs and are also  currently advancing multiple development candidates through preclinical development across a number of potential indications.We expect our expenses to  increase substantially in connection with our ongoing activities, particularly as we continue the research and development of, advance the preclinical and  clinical activities of, and seek marketing approval for, our current or future product candidates.",N/A
"We conduct mortgage banking activities through C&F Mortgage, which was organized in September 1995, and its  51%-owned subsidiary, C&F Select LLC, which was organized in January 2019.Mortgage provides mortgage loan  origination services through 11 locations in Virginia and one each in Maryland, North Carolina, and West Virginia.The  Virginia offices are located one each in Charlottesville, Chesapeake, Fredericksburg, Glen Allen, Mechanicsville,  Midlothian, Richmond, Virginia Beach, Waynesboro, Williamsburg, and Yorktown.The North Carolina office is located  in Gastonia.The Maryland office is located in Clarksville.",N/A
"The success of our business, including our ability to finance our company and generate any revenue in the future, will primarily depend on the  successful development, regulatory approval and commercialization of our FA, FECD, HD and DM1 GeneTACTM candidates, as well as our other product  candidates, which may never occur.In the future, we may also become dependent on other product candidates that we may develop or acquire; however,  given our early stage of development, it may be several years, if at all, before we have demonstrated the safety and efficacy of a treatment sufficient to  warrant approval for commercialization.If we are unable to develop, or obtain regulatory approval for, or, if approved, successfully commercialize our  product candidates, we may not be able to generate sufficient revenue to continue our business.Nonclinical and clinical development involves a lengthy and expensive process with uncertain timelines and outcomes, and results of nonclinical  studies and clinical trials may not be predictive of future trial results.If development of our programs is unsuccessful or delayed, we may be unable to  obtain required regulatory approvals and be unable to commercialize our product candidates on a timely basis, if at all.",N/A
"We may be subject to continued volatility and uncertainty in customer demand, worldwide economies and financial markets resulting from the COVID-19 pandemic.We depend heavily on third parties.We face risks related to sales through distributors.We face risks associated with the operation of our manufacturing facilities, and if we experience poor manufacturing yields, our operating results may suffer.We are subject to inventory risks and costs because we purchase materials and build our products based on forecasts provided by customers before receiving purchase orders for the products.",N/A
"Any such required financing may not be available in amounts or on terms acceptable to us or at all, and the  failure to procure such required financing could have a material and adverse effect on our business, financial  condition and results of operations, or threaten our ability to continue as a going concern.In addition, if we are  unsuccessful in raising the required funds, we may need to modify our operational plans to continue as a going  concern, and we may have to delay, reduce the scope of or eliminate some or all of our planned development  activities or proposed exploration programs at the Project and elsewhere.In the event additional capital  resources are unavailable, we may also be forced to sell some or all of our properties in an untimely fashion or on  less than favorable terms.Any of these factors could harm our operating results.Until successful commercial production is achieved from the Project, allowing for the generation of sufficient  revenue to fund our continuing operations, we will continue to incur operating and investing net cash outflows  associated with, among other things, developing the Project, maintaining our properties and undertaking ongoing  exploration and optimization activities.",N/A
"Our current and anticipated future dependence upon others for the manufacture of our product candidates or drugs may adversely affect our future profit margins and our ability to commercialize any product candidates that receive marketing approval on a timely and competitive basis.We rely on third parties to conduct, supervise and monitor our discovery research, preclinical studies and clinical trials.We have experienced delays due to actions of third parties in the past and if in the future third parties do not satisfactorily carry out their contractual duties or fail to meet expected deadlines, our development programs may be delayed or subject to increased costs, each of which may have an adverse effect on our business and prospects.We have entered into, and may in the future enter into, collaboration agreements and strategic alliances to maximize the potential of our structure-based drug discovery platform and product candidates, and we may not realize the anticipated benefits of such collaborations or alliances.We expect to continue to form collaborations in the future with respect to our product candidates, but may be unable to do so or to realize the potential benefits of such transactions, which may cause us to alter or delay our development and commercialization plans.",N/A
"As of December 31, 2023,  we had cash, cash equivalents and marketable securities of $1,853.0 million.We have raised $1,271.4 million in underwritten public offerings, including  our IPO in February 2020, net of underwriting discounts and commissions and offering expenses and have completed sales generating $122.1 million in net  proceeds (after deducting commissions and expenses) pursuant to our at-the-market equity offering program with Cowen and Company, LLC (Cowen).The  EQRx Acquisition added $1.1 billion to our working capital.We expect to continue to spend substantial amounts to continue the preclinical and clinical  development of our current and future programs and to prepare for their potential commercialization.If we are able to gain marketing approval for our  product candidates, we will require significant additional amounts of cash in order to launch and commercialize our product candidates, if approved, to the  extent that their launch and commercialization are not the responsibility of another collaborator that we may contract with in the future.",N/A
"The sales cycle for our equipment systems can be 11 a year or longer, involving individuals from many different areas of Intevac and numerous product presentations and demonstrations for our prospective customers.Our sales process also commonly includes production of samples and customization of our products.We do not typically enter into long-term contracts with our customers, and until an order is actually submitted by a customer there is no binding commitment to purchase our systems.In some cases, orders are also subject to customer acceptance or other criteria even in the case of a binding agreement.As of December 30, 2023, our total backlog was $42.4 million, which was primarily attributable to two customers.",N/A
"As a result, we may be  required to perform due diligence to determine the origin of such minerals and disclose and report whether such minerals originated in  the Democratic Republic of the Congo or adjoining countries.The implementation of these requirements could adversely affect the  sourcing, availability, and pricing of minerals used in the manufacture of our products.In addition, we have incurred additional costs  to comply with the disclosure requirements, including costs related to determining the source of any of the relevant minerals and  metals used in our products.If any of these risks materialize, costs could significantly increase and our ability to meet demand for our  products could be impacted.If we fail to comply with the applicable regulations, we could be required to pay civil penalties, face  criminal prosecution and, in some cases, be prohibited from distributing our products in commerce until the products or component  substances are brought into compliance.",N/A
"Our success depends on the extent to which our customers receive adequate reimbursement for the costs of our products and related treatments from third- party payers, including government healthcare programs, such as Medicare and Medicaid, as well as private insurers and health systems.Government and other third-party payers attempt to contain healthcare costs by limiting both coverage and the level of reimbursement of medical products, particularly new products.Therefore, significant uncertainty may exist as to the reimbursement status of new healthcare products by third-party payers.Although EPIFIX and EPICORD have coverage with the majority of large payers, a significant number of public and private insurers currently do not cover or reimburse our other products.The reimbursement landscape for our products varies depending upon the site in which the products are administered.",N/A
"We may not be able to engage target customers successfully and convert these customers into meaningful orders in the future.Our success, and our ability to increase sales and operate profitably, depends on our ability to identify target customers and convert these customers into meaningful orders, as well as our continued development of existing customer relationships.Although we have developed a multi-pronged sales and marketing strategy to penetrate our end markets and reach a range of customers, this strategy may not continue to be effective in reaching or converting target customers into orders, or as we expand into additional markets.Recently, we have also dedicated more resources to developing relationships with certain key RV OEMs, such as Keystone, which we aim to convert into collaborations on custom designs and/or long-term contractual arrangements.We may be unable to convert these relationships into meaningful orders or renew these arrangements going forward, which may require us to expend additional cost and management resources to engage other target customers.",N/A
